Title,Revenue,CumRevenue,CumPercent
Sci-Fi Tales,315.0,315.0,20.25072324011572
Creative SQL,308.0,623.0,40.05143040822887
Mountains & Lakes,216.0,839.0,53.9376406300225
Python для початківців,149.7,988.7,63.56155576984892
Story Craft,149.5,1138.2,73.17261330761814
AI for Editors,138.0,1276.2,82.04435872709739
SQL на практиці,118.0,1394.2,89.63034394085503
Clean Data,64.0,1458.2,93.74477659916425
Business Blue,57.8,1516.0,97.46062359369978
Data Analytics 101,39.5,1555.5,100.0
